<?xml version="1.0" encoding="UTF-8"?>
<project-private xmlns="http://www.netbeans.org/ns/project-private/1">
    <editor-bookmarks xmlns="http://www.netbeans.org/ns/editor-bookmarks/2" lastBookmarkId="0"/>
    <open-files xmlns="http://www.netbeans.org/ns/projectui-open-files/2">
        <group>
            <file>file:/C:/Users/hp/Downloads/CourseSchedulerPrakharSaxenaPxs5667/src/ClassDescription.java</file>
            <file>file:/C:/Users/hp/Downloads/CourseSchedulerPrakharSaxenaPxs5667/src/StudentEntry.java</file>
            <file>file:/C:/Users/hp/Downloads/CourseSchedulerPrakharSaxenaPxs5667/src/ClassQueries.java</file>
            <file>file:/C:/Users/hp/Downloads/CourseSchedulerPrakharSaxenaPxs5667/src/SemesterQueries.java</file>
            <file>file:/C:/Users/hp/Downloads/CourseSchedulerPrakharSaxenaPxs5667/src/ScheduleQueries.java</file>
            <file>file:/C:/Users/hp/Downloads/CourseSchedulerPrakharSaxenaPxs5667/src/ClassEntry.java</file>
            <file>file:/C:/Users/hp/Downloads/CourseSchedulerPrakharSaxenaPxs5667/src/MainFrame.java</file>
            <file>file:/C:/Users/hp/Downloads/CourseSchedulerPrakharSaxenaPxs5667/src/ScheduleEntry.java</file>
            <file>file:/C:/Users/hp/Downloads/CourseSchedulerPrakharSaxenaPxs5667/nbproject/build-impl.xml</file>
            <file>file:/C:/Users/hp/Downloads/CourseSchedulerPrakharSaxenaPxs5667/src/CourseEntry.java</file>
            <file>file:/C:/Users/hp/Downloads/CourseSchedulerPrakharSaxenaPxs5667/src/CourseQueries.java</file>
            <file>file:/C:/Users/hp/Downloads/CourseSchedulerPrakharSaxenaPxs5667/src/DBConnection.java</file>
            <file>file:/C:/Users/hp/Downloads/CourseSchedulerPrakharSaxenaPxs5667/src/StudentQueries.java</file>
        </group>
    </open-files>
</project-private>
